Accession	Length	E-value	Definition	Organism	Taxonomy_x	Release Year_x	query_start	query_end	subject_start	subject_end	Align_Length	Query_Length	Identity(%)	Coverage(%)	Pass_Filter	Source_File	Accession_clean	Description	Taxonomy_y	Accession Length	Sequencing Technology	Molecule Type	Topology	Assembly	Release Year_y
CP067432	4446568	1.5		Chryseobacterium indoltheticum	Bacteria; Pseudomonadati; Bacteroidota; Flavobacteriia; Flavobacteriales; Weeksellaceae; Chryseobacterium group; Chryseobacterium	2021	4	24	1518441	1518461	21	24	100.00	88.00	YES	Barcode_8_reverse_end_BC08_AND_Barcode_8_forward_start_BC08_gc_r__TCTTGGAATGCAATACCGATGTGT_description_table	CP067432	Chryseobacterium indoltheticum strain POL15 chromosome, complete genome	Bacteria; Pseudomonadati; Bacteroidota; Flavobacteriia; Flavobacteriales; Weeksellaceae; Chryseobacterium group; Chryseobacterium	4446568	Oxford Nanopore	DNA	circular	The annotation was added by the NCBI Prokaryotic Genome Annotation Pipeline (PGAP). Information about PGAP can be found here: https://www.ncbi.nlm.nih.gov/genome/annotation_prok/; ##Genome-Assembly-Data-START## ; Assembly Method :: SOAPdenovo v. 10-2020 ; Genome Representation :: Full ; Expected Final Version :: Yes ; Genome Coverage :: 849.0x ; Sequencing Technology :: Oxford Nanopore GridION; BGISEQ ; ##Genome-Assembly-Data-END##; ##Genome-Annotation-Data-START## ; Annotation Provider :: NCBI ; Annotation Date :: 01/11/2021 17:27:03 ; Annotation Pipeline :: NCBI Prokaryotic Genome Annotation Pipeline (PGAP) ; Annotation Method :: Best-placed reference protein set; GeneMarkS-2+ ; Annotation Software revision :: 5.0 ; Features Annotated :: Gene; CDS; rRNA; tRNA; ncRNA; repeat_region ; Genes (total) :: 4,119 ; CDSs (total) :: 4,025 ; Genes (coding) :: 3,981 ; CDSs (with protein) :: 3,981 ; Genes (RNA) :: 94 ; rRNAs :: 6, 6, 6 (5S, 16S, 23S) ; complete rRNAs :: 6, 6, 6 (5S, 16S, 23S) ; tRNAs :: 73 ; ncRNAs :: 3 ; Pseudo Genes (total) :: 44 ; CDSs (without protein) :: 44 ; Pseudo Genes (ambiguous residues) :: 0 of 44 ; Pseudo Genes (frameshifted) :: 19 of 44 ; Pseudo Genes (incomplete) :: 16 of 44 ; Pseudo Genes (internal stop) :: 15 of 44 ; Pseudo Genes (multiple problems) :: 6 of 44 ; CRISPR Arrays :: 1 ; ##Genome-Annotation-Data-END##	2021
AP022856	3332273	5.9		Corynebacterium glutamicum	Bacteria; Bacillati; Actinomycetota; Actinomycetes; Mycobacteriales; Corynebacteriaceae; Corynebacterium	2020	3	22	752050	752031	20	24	100.00	83.00	YES	Barcode_8_reverse_end_BC08_AND_Barcode_8_forward_start_BC08_gc_r__TCTTGGAATGCAATACCGATGTGT_description_table	AP022856	Corynebacterium glutamicum ATCC 21799 DNA, complete genome	Bacteria; Bacillati; Actinomycetota; Actinomycetes; Mycobacteriales; Corynebacteriaceae; Corynebacterium	3332273		DNA	circular	Annotated at DFAST https://dfast.nig.ac.jp/~~; ##Genome-Assembly-Data-START## ; Assembly Method :: AssembleUnitig v. 1 ; Genome Coverage :: 25x ; Sequencing Technology :: PacBio RS II ; ##Genome-Assembly-Data-END##	2020
OZ236016	61498378	5.9		Panthera onca	Eukaryota; Metazoa; Chordata; Craniata; Vertebrata; Euteleostomi; Mammalia; Eutheria; Laurasiatheria; Carnivora; Feliformia; Felidae; Pantherinae; Panthera	2025	3	22	9832602	9832621	20	24	100.00	83.00	YES	Barcode_8_reverse_end_BC08_AND_Barcode_8_forward_start_BC08_gc_r__TCTTGGAATGCAATACCGATGTGT_description_table	OZ236016	Panthera onca genome assembly, chromosome: E2	Eukaryota; Metazoa; Chordata; Craniata; Vertebrata; Euteleostomi; Mammalia; Eutheria; Laurasiatheria; Carnivora; Feliformia; Felidae; Pantherinae; Panthera	61498378		DNA	linear		2025
CP022394	3319925	5.9		Corynebacterium glutamicum	Bacteria; Bacillati; Actinomycetota; Actinomycetes; Mycobacteriales; Corynebacteriaceae; Corynebacterium	2017	3	22	1770517	1770498	20	24	100.00	83.00	YES	Barcode_8_reverse_end_BC08_AND_Barcode_8_forward_start_BC08_gc_r__TCTTGGAATGCAATACCGATGTGT_description_table	CP022394	Corynebacterium glutamicum strain WM001 chromosome, complete genome	Bacteria; Bacillati; Actinomycetota; Actinomycetes; Mycobacteriales; Corynebacteriaceae; Corynebacterium	3319925		DNA	circular	Bacteria and source DNA available from Xiaoyuan Wang, 513 State Key Laboratory of Food science and technology, Binhu District, Wuxi, Jiangsu, China.; ##Genome-Assembly-Data-START## ; Assembly Date :: 29-NOV-2016 ; Assembly Method :: HGAP v. nov-29-2016 ; Genome Representation :: Full ; Expected Final Version :: No ; Genome Coverage :: 287.0x ; Sequencing Technology :: Illumina HiSeq ; ##Genome-Assembly-Data-END##	2017
AP017557	3297987	5.9		Corynebacterium glutamicum	Bacteria; Bacillati; Actinomycetota; Actinomycetes; Mycobacteriales; Corynebacteriaceae; Corynebacterium	2017	3	22	2220218	2220199	20	24	100.00	83.00	YES	Barcode_8_reverse_end_BC08_AND_Barcode_8_forward_start_BC08_gc_r__TCTTGGAATGCAATACCGATGTGT_description_table	AP017557	Corynebacterium glutamicum DNA, complete genome, strain: AJ1511	Bacteria; Bacillati; Actinomycetota; Actinomycetes; Mycobacteriales; Corynebacteriaceae; Corynebacterium	3297987		DNA	circular	On Jun 17, 2017 this sequence version replaced AP017557.1.; We have assembled the genome of Corynebacterium glutamicum AJ1511 in 2001.; ##Genome-Assembly-Data-START## ; Assembly Method :: Phred/Phrap ; Genome Coverage :: 57x ; Sequencing Technology :: Sanger, MiSeq ; ##Genome-Assembly-Data-END##	2017
CP018175	3333639	5.9		Corynebacterium glutamicum	Bacteria; Bacillati; Actinomycetota; Actinomycetes; Mycobacteriales; Corynebacteriaceae; Corynebacterium	2017	3	22	2234962	2234943	20	24	100.00	83.00	YES	Barcode_8_reverse_end_BC08_AND_Barcode_8_forward_start_BC08_gc_r__TCTTGGAATGCAATACCGATGTGT_description_table	CP018175	Corynebacterium glutamicum strain XV chromosome, complete genome	Bacteria; Bacillati; Actinomycetota; Actinomycetes; Mycobacteriales; Corynebacteriaceae; Corynebacterium	3333639		DNA	circular	Bacteria and source DNA available from Xixian Xie, Metabolic Engineering Laboratory, College of Biotechnology, Tianjin University of Science and Technology.; Annotation was added by the NCBI Prokaryotic Genome Annotation Pipeline (released 2013). Information about the Pipeline can be found here: https://www.ncbi.nlm.nih.gov/genome/annotation_prok/; ##Genome-Assembly-Data-START## ; Assembly Method :: Celera Assembler v. v8.2 ; Assembly Name :: Celera Assembler v8.2 ; Genome Representation :: Full ; Expected Final Version :: Yes ; Genome Coverage :: 200.0x ; Sequencing Technology :: PacBio ; ##Genome-Assembly-Data-END##; ##Genome-Annotation-Data-START## ; Annotation Provider :: NCBI ; Annotation Date :: 11/29/2016 15:32:14 ; Annotation Pipeline :: NCBI Prokaryotic Genome Annotation Pipeline ; Annotation Method :: Best-placed reference protein set; GeneMarkS+ ; Annotation Software revision :: 4.0 ; Features Annotated :: Gene; CDS; rRNA; tRNA; ncRNA; repeat_region ; Genes (total) :: 3,165 ; CDS (total) :: 3,079 ; Genes (coding) :: 2,886 ; CDS (coding) :: 2,886 ; Genes (RNA) :: 86 ; rRNAs :: 6, 6, 6 (5S, 16S, 23S) ; complete rRNAs :: 6, 6, 6 (5S, 16S, 23S) ; tRNAs :: 65 ; ncRNAs :: 3 ; Pseudo Genes (total) :: 193 ; Pseudo Genes (ambiguous residues) :: 0 of 193 ; Pseudo Genes (frameshifted) :: 96 of 193 ; Pseudo Genes (incomplete) :: 75 of 193 ; Pseudo Genes (internal stop) :: 54 of 193 ; Pseudo Genes (multiple problems) :: 30 of 193 ; ##Genome-Annotation-Data-END##	2017
CP016335	3296500	5.9		Corynebacterium glutamicum	Bacteria; Bacillati; Actinomycetota; Actinomycetes; Mycobacteriales; Corynebacteriaceae; Corynebacterium	2017	3	22	2218504	2218485	20	24	100.00	83.00	YES	Barcode_8_reverse_end_BC08_AND_Barcode_8_forward_start_BC08_gc_r__TCTTGGAATGCAATACCGATGTGT_description_table	CP016335	Corynebacterium glutamicum strain ATCC 13869, complete sequence	Bacteria; Bacillati; Actinomycetota; Actinomycetes; Mycobacteriales; Corynebacteriaceae; Corynebacterium	3296500		DNA	circular	Annotation was added by the NCBI Prokaryotic Genome Annotation Pipeline (released 2013). Information about the Pipeline can be found here: https://www.ncbi.nlm.nih.gov/genome/annotation_prok/; ~Annotation modified by submitter.; ##Genome-Assembly-Data-START## ; Assembly Method :: SPAdes v. 3.7.1 ; Assembly Name :: Version1 of ATCC 13869 ; Long Assembly Name :: Version1 of ATCC 13869 Genome Coverage ; Genome Coverage :: 300x ; Sequencing Technology :: Illumina HiSeq ; ##Genome-Assembly-Data-END##; ##Genome-Annotation-Data-START## ; Annotation Provider :: NCBI ; Annotation Date :: 07/05/2016 13:49:43 ; Annotation Pipeline :: NCBI Prokaryotic Genome Annotation Pipeline ; Annotation Method :: Best-placed reference protein set; GeneMarkS+ ; Annotation Software revision :: 3.3 ; Features Annotated :: Gene; CDS; rRNA; tRNA; ncRNA; repeat_region ; Genes (total) :: 3,075 ; CDS (total) :: 2,994 ; Genes (coding) :: 2,886 ; CDS (coding) :: 2,886 ; Genes (RNA) :: 81 ; rRNAs :: 6, 6, 6 (5S, 16S, 23S) ; complete rRNAs :: 6, 6, 6 (5S, 16S, 23S) ; tRNAs :: 60 ; ncRNAs :: 3 ; Pseudo Genes (total) :: 108 ; Pseudo Genes (ambiguous residues) :: 0 of 108 ; Pseudo Genes (frameshifted) :: 57 of 108 ; Pseudo Genes (incomplete) :: 46 of 108 ; Pseudo Genes (internal stop) :: 26 of 108 ; Pseudo Genes (multiple problems) :: 20 of 108 ; ##Genome-Annotation-Data-END##	2017
CP004062	3332458	5.9		Corynebacterium glutamicum ZL-6	Bacteria; Bacillati; Actinomycetota; Actinomycetes; Mycobacteriales; Corynebacteriaceae; Corynebacterium	2016	3	22	2245074	2245055	20	24	100.00	83.00	YES	Barcode_8_reverse_end_BC08_AND_Barcode_8_forward_start_BC08_gc_r__TCTTGGAATGCAATACCGATGTGT_description_table	CP004062	Corynebacterium glutamicum ZL-6, complete genome	Bacteria; Bacillati; Actinomycetota; Actinomycetes; Mycobacteriales; Corynebacteriaceae; Corynebacterium	3332458		DNA	circular		2016
CP004046	3340941	5.9		[Brevibacterium] flavum ZL-1	Bacteria; Bacillati; Actinomycetota; Actinomycetes; Mycobacteriales; Corynebacteriaceae; Corynebacterium	2016	3	22	2253577	2253558	20	24	100.00	83.00	YES	Barcode_8_reverse_end_BC08_AND_Barcode_8_forward_start_BC08_gc_r__TCTTGGAATGCAATACCGATGTGT_description_table	CP004046	[Brevibacterium] flavum ZL-1, complete genome	Bacteria; Bacillati; Actinomycetota; Actinomycetes; Mycobacteriales; Corynebacteriaceae; Corynebacterium	3340941		DNA	circular	Annotation was added by the NCBI Prokaryotic Genomes Automatic Annotation Pipeline Group. Information about the Pipeline can be found here: http://www.ncbi.nlm.nih.gov/genomes/static/Pipeline.html. Please be aware that the annotation is done automatically with little or no manual curation.~Bacteria available from Dr. Jibin Sun, Tianjin Institute of Industrial Biotechnology, Chinese Academy of Sciences.; ##Genome-Assembly-Data-START## ; Assembly Method :: SMRT Analysis v. v1.3.1 ; Genome Coverage :: missing ; Sequencing Technology :: PacBio ; ##Genome-Assembly-Data-END##	2016
CP012194	3342897	5.9		Corynebacterium glutamicum	Bacteria; Bacillati; Actinomycetota; Actinomycetes; Mycobacteriales; Corynebacteriaceae; Corynebacterium	2015	3	22	2262781	2262762	20	24	100.00	83.00	YES	Barcode_8_reverse_end_BC08_AND_Barcode_8_forward_start_BC08_gc_r__TCTTGGAATGCAATACCGATGTGT_description_table	CP012194	Corynebacterium glutamicum strain CP, complete genome	Bacteria; Bacillati; Actinomycetota; Actinomycetes; Mycobacteriales; Corynebacteriaceae; Corynebacterium	3342897		DNA	circular	Bacteria available from Laboratory of Metabolic Engineering (College of Biotechnology, Tianjin university of science and technology).; Annotation was added by the NCBI Prokaryotic Genome Annotation Pipeline (released 2013). Information about the Pipeline can be found here: http://www.ncbi.nlm.nih.gov/genome/annotation_prok/; ##Genome-Assembly-Data-START## ; Assembly Method :: Celera Assemblyer v. 8.2 ; Reference-guided Assembly :: BA000036.1 ; Genome Coverage :: 176x ; Sequencing Technology :: PacBio ; ##Genome-Assembly-Data-END##; ##Genome-Annotation-Data-START## ; Annotation Provider :: NCBI ; Annotation Date :: 08/21/2015 11:35:40 ; Annotation Pipeline :: NCBI Prokaryotic Genome Annotation Pipeline ; Annotation Method :: Best-placed reference protein set; GeneMarkS+ ; Annotation Software revision :: 2.10 ; Features Annotated :: Gene; CDS; rRNA; tRNA; ncRNA; repeat_region ; Genes :: 3,122 ; CDS :: 2,898 ; Pseudo Genes :: 145 ; rRNAs :: 6, 6, 6 (5S, 16S, 23S) ; complete rRNAs :: 6, 6, 6 (5S, 16S, 23S) ; tRNAs :: 60 ; ncRNA :: 1 ; Frameshifted Genes :: 62 ; ##Genome-Annotation-Data-END##	2015
CP121344	3303123	5.9		Corynebacterium glutamicum	Bacteria; Bacillati; Actinomycetota; Actinomycetes; Mycobacteriales; Corynebacteriaceae; Corynebacterium	2023	3	22	1015690	1015709	20	24	100.00	83.00	YES	Barcode_8_reverse_end_BC08_AND_Barcode_8_forward_start_BC08_gc_r__TCTTGGAATGCAATACCGATGTGT_description_table	CP121344	Corynebacterium glutamicum strain Cg21420 chromosome, complete genome	Bacteria; Bacillati; Actinomycetota; Actinomycetes; Mycobacteriales; Corynebacteriaceae; Corynebacterium	3303123		DNA	circular	Bacteria and source DNA available from CICC 20189 ATCC 21420.; The annotation was added by the NCBI Prokaryotic Genome Annotation Pipeline (PGAP). Information about PGAP can be found here: https://www.ncbi.nlm.nih.gov/genome/annotation_prok/; ##Genome-Assembly-Data-START## ; Assembly Date :: APR-2023 ; Assembly Method :: Hifiasm v. version 0.13-r308; Canu v. version 1.7 ; Assembly Name :: Cg21420 ; Genome Representation :: Full ; Expected Final Version :: Yes ; Genome Coverage :: 100.0x ; Sequencing Technology :: Illumina HiSeq ; ##Genome-Assembly-Data-END##; ##Genome-Annotation-Data-START## ; Annotation Provider :: NCBI ; Annotation Date :: 04/05/2023 13:35:55 ; Annotation Pipeline :: NCBI Prokaryotic Genome Annotation Pipeline (PGAP) ; Annotation Method :: Best-placed reference protein set; GeneMarkS-2+ ; Annotation Software revision :: 6.5 ; Features Annotated :: Gene; CDS; rRNA; tRNA; ncRNA ; Genes (total) :: 3,067 ; CDSs (total) :: 2,987 ; Genes (coding) :: 2,921 ; CDSs (with protein) :: 2,921 ; Genes (RNA) :: 80 ; rRNAs :: 6, 6, 6 (5S, 16S, 23S) ; complete rRNAs :: 6, 6, 6 (5S, 16S, 23S) ; tRNAs :: 59 ; ncRNAs :: 3 ; Pseudo Genes (total) :: 66 ; CDSs (without protein) :: 66 ; Pseudo Genes (ambiguous residues) :: 0 of 66 ; Pseudo Genes (frameshifted) :: 36 of 66 ; Pseudo Genes (incomplete) :: 35 of 66 ; Pseudo Genes (internal stop) :: 19 of 66 ; Pseudo Genes (multiple problems) :: 21 of 66 ; ##Genome-Annotation-Data-END##	2023
XM_050452718	13227	5.9		Anthonomus grandis grandis	Eukaryota; Metazoa; Ecdysozoa; Arthropoda; Hexapoda; Insecta; Pterygota; Neoptera; Endopterygota; Coleoptera; Polyphaga; Cucujiformia; Curculionidae; Curculioninae; Anthonomini; Anthonomus	2022	1	20	10004	10023	20	24	100.00	83.00	YES	Barcode_8_reverse_end_BC08_AND_Barcode_8_forward_start_BC08_gc_r__TCTTGGAATGCAATACCGATGTGT_description_table	XM_050452718	PREDICTED: Anthonomus grandis grandis basement membrane-specific heparan sulfate proteoglycan core protein (LOC126745035), transcript variant X33, mRNA	Eukaryota; Metazoa; Ecdysozoa; Arthropoda; Hexapoda; Insecta; Pterygota; Neoptera; Endopterygota; Coleoptera; Polyphaga; Cucujiformia; Curculionidae; Curculioninae; Anthonomini; Anthonomus	13227		mRNA	linear		2022
XM_050452717	13328	5.9		Anthonomus grandis grandis	Eukaryota; Metazoa; Ecdysozoa; Arthropoda; Hexapoda; Insecta; Pterygota; Neoptera; Endopterygota; Coleoptera; Polyphaga; Cucujiformia; Curculionidae; Curculioninae; Anthonomini; Anthonomus	2022	1	20	10105	10124	20	24	100.00	83.00	YES	Barcode_8_reverse_end_BC08_AND_Barcode_8_forward_start_BC08_gc_r__TCTTGGAATGCAATACCGATGTGT_description_table	XM_050452717	PREDICTED: Anthonomus grandis grandis basement membrane-specific heparan sulfate proteoglycan core protein (LOC126745035), transcript variant X32, mRNA	Eukaryota; Metazoa; Ecdysozoa; Arthropoda; Hexapoda; Insecta; Pterygota; Neoptera; Endopterygota; Coleoptera; Polyphaga; Cucujiformia; Curculionidae; Curculioninae; Anthonomini; Anthonomus	13328		mRNA	linear		2022
XM_050452716	13460	5.9		Anthonomus grandis grandis	Eukaryota; Metazoa; Ecdysozoa; Arthropoda; Hexapoda; Insecta; Pterygota; Neoptera; Endopterygota; Coleoptera; Polyphaga; Cucujiformia; Curculionidae; Curculioninae; Anthonomini; Anthonomus	2022	1	20	10237	10256	20	24	100.00	83.00	YES	Barcode_8_reverse_end_BC08_AND_Barcode_8_forward_start_BC08_gc_r__TCTTGGAATGCAATACCGATGTGT_description_table	XM_050452716	PREDICTED: Anthonomus grandis grandis basement membrane-specific heparan sulfate proteoglycan core protein (LOC126745035), transcript variant X31, mRNA	Eukaryota; Metazoa; Ecdysozoa; Arthropoda; Hexapoda; Insecta; Pterygota; Neoptera; Endopterygota; Coleoptera; Polyphaga; Cucujiformia; Curculionidae; Curculioninae; Anthonomini; Anthonomus	13460		mRNA	linear		2022
XM_050452715	13553	5.9		Anthonomus grandis grandis	Eukaryota; Metazoa; Ecdysozoa; Arthropoda; Hexapoda; Insecta; Pterygota; Neoptera; Endopterygota; Coleoptera; Polyphaga; Cucujiformia; Curculionidae; Curculioninae; Anthonomini; Anthonomus	2022	1	20	10330	10349	20	24	100.00	83.00	YES	Barcode_8_reverse_end_BC08_AND_Barcode_8_forward_start_BC08_gc_r__TCTTGGAATGCAATACCGATGTGT_description_table	XM_050452715	PREDICTED: Anthonomus grandis grandis basement membrane-specific heparan sulfate proteoglycan core protein (LOC126745035), transcript variant X30, mRNA	Eukaryota; Metazoa; Ecdysozoa; Arthropoda; Hexapoda; Insecta; Pterygota; Neoptera; Endopterygota; Coleoptera; Polyphaga; Cucujiformia; Curculionidae; Curculioninae; Anthonomini; Anthonomus	13553		mRNA	linear		2022
XM_050452714	13673	5.9		Anthonomus grandis grandis	Eukaryota; Metazoa; Ecdysozoa; Arthropoda; Hexapoda; Insecta; Pterygota; Neoptera; Endopterygota; Coleoptera; Polyphaga; Cucujiformia; Curculionidae; Curculioninae; Anthonomini; Anthonomus	2022	1	20	10450	10469	20	24	100.00	83.00	YES	Barcode_8_reverse_end_BC08_AND_Barcode_8_forward_start_BC08_gc_r__TCTTGGAATGCAATACCGATGTGT_description_table	XM_050452714	PREDICTED: Anthonomus grandis grandis basement membrane-specific heparan sulfate proteoglycan core protein (LOC126745035), transcript variant X29, mRNA	Eukaryota; Metazoa; Ecdysozoa; Arthropoda; Hexapoda; Insecta; Pterygota; Neoptera; Endopterygota; Coleoptera; Polyphaga; Cucujiformia; Curculionidae; Curculioninae; Anthonomini; Anthonomus	13673		mRNA	linear		2022
XM_050452713	13685	5.9		Anthonomus grandis grandis	Eukaryota; Metazoa; Ecdysozoa; Arthropoda; Hexapoda; Insecta; Pterygota; Neoptera; Endopterygota; Coleoptera; Polyphaga; Cucujiformia; Curculionidae; Curculioninae; Anthonomini; Anthonomus	2022	1	20	10462	10481	20	24	100.00	83.00	YES	Barcode_8_reverse_end_BC08_AND_Barcode_8_forward_start_BC08_gc_r__TCTTGGAATGCAATACCGATGTGT_description_table	XM_050452713	PREDICTED: Anthonomus grandis grandis basement membrane-specific heparan sulfate proteoglycan core protein (LOC126745035), transcript variant X28, mRNA	Eukaryota; Metazoa; Ecdysozoa; Arthropoda; Hexapoda; Insecta; Pterygota; Neoptera; Endopterygota; Coleoptera; Polyphaga; Cucujiformia; Curculionidae; Curculioninae; Anthonomini; Anthonomus	13685		mRNA	linear		2022
XM_050452712	13778	5.9		Anthonomus grandis grandis	Eukaryota; Metazoa; Ecdysozoa; Arthropoda; Hexapoda; Insecta; Pterygota; Neoptera; Endopterygota; Coleoptera; Polyphaga; Cucujiformia; Curculionidae; Curculioninae; Anthonomini; Anthonomus	2022	1	20	10555	10574	20	24	100.00	83.00	YES	Barcode_8_reverse_end_BC08_AND_Barcode_8_forward_start_BC08_gc_r__TCTTGGAATGCAATACCGATGTGT_description_table	XM_050452712	PREDICTED: Anthonomus grandis grandis basement membrane-specific heparan sulfate proteoglycan core protein (LOC126745035), transcript variant X27, mRNA	Eukaryota; Metazoa; Ecdysozoa; Arthropoda; Hexapoda; Insecta; Pterygota; Neoptera; Endopterygota; Coleoptera; Polyphaga; Cucujiformia; Curculionidae; Curculioninae; Anthonomini; Anthonomus	13778		mRNA	linear		2022
XM_050452710	13895	5.9		Anthonomus grandis grandis	Eukaryota; Metazoa; Ecdysozoa; Arthropoda; Hexapoda; Insecta; Pterygota; Neoptera; Endopterygota; Coleoptera; Polyphaga; Cucujiformia; Curculionidae; Curculioninae; Anthonomini; Anthonomus	2022	1	20	10672	10691	20	24	100.00	83.00	YES	Barcode_8_reverse_end_BC08_AND_Barcode_8_forward_start_BC08_gc_r__TCTTGGAATGCAATACCGATGTGT_description_table	XM_050452710	PREDICTED: Anthonomus grandis grandis basement membrane-specific heparan sulfate proteoglycan core protein (LOC126745035), transcript variant X26, mRNA	Eukaryota; Metazoa; Ecdysozoa; Arthropoda; Hexapoda; Insecta; Pterygota; Neoptera; Endopterygota; Coleoptera; Polyphaga; Cucujiformia; Curculionidae; Curculioninae; Anthonomini; Anthonomus	13895		mRNA	linear		2022
XM_050452709	13898	5.9		Anthonomus grandis grandis	Eukaryota; Metazoa; Ecdysozoa; Arthropoda; Hexapoda; Insecta; Pterygota; Neoptera; Endopterygota; Coleoptera; Polyphaga; Cucujiformia; Curculionidae; Curculioninae; Anthonomini; Anthonomus	2022	1	20	10675	10694	20	24	100.00	83.00	YES	Barcode_8_reverse_end_BC08_AND_Barcode_8_forward_start_BC08_gc_r__TCTTGGAATGCAATACCGATGTGT_description_table	XM_050452709	PREDICTED: Anthonomus grandis grandis basement membrane-specific heparan sulfate proteoglycan core protein (LOC126745035), transcript variant X25, mRNA	Eukaryota; Metazoa; Ecdysozoa; Arthropoda; Hexapoda; Insecta; Pterygota; Neoptera; Endopterygota; Coleoptera; Polyphaga; Cucujiformia; Curculionidae; Curculioninae; Anthonomini; Anthonomus	13898		mRNA	linear		2022
XM_050452708	14027	5.9		Anthonomus grandis grandis	Eukaryota; Metazoa; Ecdysozoa; Arthropoda; Hexapoda; Insecta; Pterygota; Neoptera; Endopterygota; Coleoptera; Polyphaga; Cucujiformia; Curculionidae; Curculioninae; Anthonomini; Anthonomus	2022	1	20	10804	10823	20	24	100.00	83.00	YES	Barcode_8_reverse_end_BC08_AND_Barcode_8_forward_start_BC08_gc_r__TCTTGGAATGCAATACCGATGTGT_description_table	XM_050452708	PREDICTED: Anthonomus grandis grandis basement membrane-specific heparan sulfate proteoglycan core protein (LOC126745035), transcript variant X24, mRNA	Eukaryota; Metazoa; Ecdysozoa; Arthropoda; Hexapoda; Insecta; Pterygota; Neoptera; Endopterygota; Coleoptera; Polyphaga; Cucujiformia; Curculionidae; Curculioninae; Anthonomini; Anthonomus	14027		mRNA	linear		2022
XM_050452707	14031	5.9		Anthonomus grandis grandis	Eukaryota; Metazoa; Ecdysozoa; Arthropoda; Hexapoda; Insecta; Pterygota; Neoptera; Endopterygota; Coleoptera; Polyphaga; Cucujiformia; Curculionidae; Curculioninae; Anthonomini; Anthonomus	2022	1	20	10808	10827	20	24	100.00	83.00	YES	Barcode_8_reverse_end_BC08_AND_Barcode_8_forward_start_BC08_gc_r__TCTTGGAATGCAATACCGATGTGT_description_table	XM_050452707	PREDICTED: Anthonomus grandis grandis basement membrane-specific heparan sulfate proteoglycan core protein (LOC126745035), transcript variant X23, mRNA	Eukaryota; Metazoa; Ecdysozoa; Arthropoda; Hexapoda; Insecta; Pterygota; Neoptera; Endopterygota; Coleoptera; Polyphaga; Cucujiformia; Curculionidae; Curculioninae; Anthonomini; Anthonomus	14031		mRNA	linear		2022
XM_050452706	14172	5.9		Anthonomus grandis grandis	Eukaryota; Metazoa; Ecdysozoa; Arthropoda; Hexapoda; Insecta; Pterygota; Neoptera; Endopterygota; Coleoptera; Polyphaga; Cucujiformia; Curculionidae; Curculioninae; Anthonomini; Anthonomus	2022	1	20	10949	10968	20	24	100.00	83.00	YES	Barcode_8_reverse_end_BC08_AND_Barcode_8_forward_start_BC08_gc_r__TCTTGGAATGCAATACCGATGTGT_description_table	XM_050452706	PREDICTED: Anthonomus grandis grandis basement membrane-specific heparan sulfate proteoglycan core protein (LOC126745035), transcript variant X22, mRNA	Eukaryota; Metazoa; Ecdysozoa; Arthropoda; Hexapoda; Insecta; Pterygota; Neoptera; Endopterygota; Coleoptera; Polyphaga; Cucujiformia; Curculionidae; Curculioninae; Anthonomini; Anthonomus	14172		mRNA	linear		2022
XM_050452705	14214	5.9		Anthonomus grandis grandis	Eukaryota; Metazoa; Ecdysozoa; Arthropoda; Hexapoda; Insecta; Pterygota; Neoptera; Endopterygota; Coleoptera; Polyphaga; Cucujiformia; Curculionidae; Curculioninae; Anthonomini; Anthonomus	2022	1	20	10991	11010	20	24	100.00	83.00	YES	Barcode_8_reverse_end_BC08_AND_Barcode_8_forward_start_BC08_gc_r__TCTTGGAATGCAATACCGATGTGT_description_table	XM_050452705	PREDICTED: Anthonomus grandis grandis basement membrane-specific heparan sulfate proteoglycan core protein (LOC126745035), transcript variant X21, mRNA	Eukaryota; Metazoa; Ecdysozoa; Arthropoda; Hexapoda; Insecta; Pterygota; Neoptera; Endopterygota; Coleoptera; Polyphaga; Cucujiformia; Curculionidae; Curculioninae; Anthonomini; Anthonomus	14214		mRNA	linear		2022
XM_050452704	14241	5.9		Anthonomus grandis grandis	Eukaryota; Metazoa; Ecdysozoa; Arthropoda; Hexapoda; Insecta; Pterygota; Neoptera; Endopterygota; Coleoptera; Polyphaga; Cucujiformia; Curculionidae; Curculioninae; Anthonomini; Anthonomus	2022	1	20	11018	11037	20	24	100.00	83.00	YES	Barcode_8_reverse_end_BC08_AND_Barcode_8_forward_start_BC08_gc_r__TCTTGGAATGCAATACCGATGTGT_description_table	XM_050452704	PREDICTED: Anthonomus grandis grandis basement membrane-specific heparan sulfate proteoglycan core protein (LOC126745035), transcript variant X20, mRNA	Eukaryota; Metazoa; Ecdysozoa; Arthropoda; Hexapoda; Insecta; Pterygota; Neoptera; Endopterygota; Coleoptera; Polyphaga; Cucujiformia; Curculionidae; Curculioninae; Anthonomini; Anthonomus	14241		mRNA	linear		2022
XM_050452703	14346	5.9		Anthonomus grandis grandis	Eukaryota; Metazoa; Ecdysozoa; Arthropoda; Hexapoda; Insecta; Pterygota; Neoptera; Endopterygota; Coleoptera; Polyphaga; Cucujiformia; Curculionidae; Curculioninae; Anthonomini; Anthonomus	2022	1	20	11123	11142	20	24	100.00	83.00	YES	Barcode_8_reverse_end_BC08_AND_Barcode_8_forward_start_BC08_gc_r__TCTTGGAATGCAATACCGATGTGT_description_table	XM_050452703	PREDICTED: Anthonomus grandis grandis basement membrane-specific heparan sulfate proteoglycan core protein (LOC126745035), transcript variant X19, mRNA	Eukaryota; Metazoa; Ecdysozoa; Arthropoda; Hexapoda; Insecta; Pterygota; Neoptera; Endopterygota; Coleoptera; Polyphaga; Cucujiformia; Curculionidae; Curculioninae; Anthonomini; Anthonomus	14346		mRNA	linear		2022
XM_050452702	14451	5.9		Anthonomus grandis grandis	Eukaryota; Metazoa; Ecdysozoa; Arthropoda; Hexapoda; Insecta; Pterygota; Neoptera; Endopterygota; Coleoptera; Polyphaga; Cucujiformia; Curculionidae; Curculioninae; Anthonomini; Anthonomus	2022	1	20	11228	11247	20	24	100.00	83.00	YES	Barcode_8_reverse_end_BC08_AND_Barcode_8_forward_start_BC08_gc_r__TCTTGGAATGCAATACCGATGTGT_description_table	XM_050452702	PREDICTED: Anthonomus grandis grandis basement membrane-specific heparan sulfate proteoglycan core protein (LOC126745035), transcript variant X18, mRNA	Eukaryota; Metazoa; Ecdysozoa; Arthropoda; Hexapoda; Insecta; Pterygota; Neoptera; Endopterygota; Coleoptera; Polyphaga; Cucujiformia; Curculionidae; Curculioninae; Anthonomini; Anthonomus	14451		mRNA	linear		2022
XM_050452701	14454	5.9		Anthonomus grandis grandis	Eukaryota; Metazoa; Ecdysozoa; Arthropoda; Hexapoda; Insecta; Pterygota; Neoptera; Endopterygota; Coleoptera; Polyphaga; Cucujiformia; Curculionidae; Curculioninae; Anthonomini; Anthonomus	2022	1	20	11231	11250	20	24	100.00	83.00	YES	Barcode_8_reverse_end_BC08_AND_Barcode_8_forward_start_BC08_gc_r__TCTTGGAATGCAATACCGATGTGT_description_table	XM_050452701	PREDICTED: Anthonomus grandis grandis basement membrane-specific heparan sulfate proteoglycan core protein (LOC126745035), transcript variant X17, mRNA	Eukaryota; Metazoa; Ecdysozoa; Arthropoda; Hexapoda; Insecta; Pterygota; Neoptera; Endopterygota; Coleoptera; Polyphaga; Cucujiformia; Curculionidae; Curculioninae; Anthonomini; Anthonomus	14454		mRNA	linear		2022
XM_050452700	14487	5.9		Anthonomus grandis grandis	Eukaryota; Metazoa; Ecdysozoa; Arthropoda; Hexapoda; Insecta; Pterygota; Neoptera; Endopterygota; Coleoptera; Polyphaga; Cucujiformia; Curculionidae; Curculioninae; Anthonomini; Anthonomus	2022	1	20	11264	11283	20	24	100.00	83.00	YES	Barcode_8_reverse_end_BC08_AND_Barcode_8_forward_start_BC08_gc_r__TCTTGGAATGCAATACCGATGTGT_description_table	XM_050452700	PREDICTED: Anthonomus grandis grandis basement membrane-specific heparan sulfate proteoglycan core protein (LOC126745035), transcript variant X16, mRNA	Eukaryota; Metazoa; Ecdysozoa; Arthropoda; Hexapoda; Insecta; Pterygota; Neoptera; Endopterygota; Coleoptera; Polyphaga; Cucujiformia; Curculionidae; Curculioninae; Anthonomini; Anthonomus	14487		mRNA	linear		2022
XM_050452699	14499	5.9		Anthonomus grandis grandis	Eukaryota; Metazoa; Ecdysozoa; Arthropoda; Hexapoda; Insecta; Pterygota; Neoptera; Endopterygota; Coleoptera; Polyphaga; Cucujiformia; Curculionidae; Curculioninae; Anthonomini; Anthonomus	2022	1	20	11276	11295	20	24	100.00	83.00	YES	Barcode_8_reverse_end_BC08_AND_Barcode_8_forward_start_BC08_gc_r__TCTTGGAATGCAATACCGATGTGT_description_table	XM_050452699	PREDICTED: Anthonomus grandis grandis basement membrane-specific heparan sulfate proteoglycan core protein (LOC126745035), transcript variant X15, mRNA	Eukaryota; Metazoa; Ecdysozoa; Arthropoda; Hexapoda; Insecta; Pterygota; Neoptera; Endopterygota; Coleoptera; Polyphaga; Cucujiformia; Curculionidae; Curculioninae; Anthonomini; Anthonomus	14499		mRNA	linear		2022
XM_050452698	14547	5.9		Anthonomus grandis grandis	Eukaryota; Metazoa; Ecdysozoa; Arthropoda; Hexapoda; Insecta; Pterygota; Neoptera; Endopterygota; Coleoptera; Polyphaga; Cucujiformia; Curculionidae; Curculioninae; Anthonomini; Anthonomus	2022	1	20	11324	11343	20	24	100.00	83.00	YES	Barcode_8_reverse_end_BC08_AND_Barcode_8_forward_start_BC08_gc_r__TCTTGGAATGCAATACCGATGTGT_description_table	XM_050452698	PREDICTED: Anthonomus grandis grandis basement membrane-specific heparan sulfate proteoglycan core protein (LOC126745035), transcript variant X14, mRNA	Eukaryota; Metazoa; Ecdysozoa; Arthropoda; Hexapoda; Insecta; Pterygota; Neoptera; Endopterygota; Coleoptera; Polyphaga; Cucujiformia; Curculionidae; Curculioninae; Anthonomini; Anthonomus	14547		mRNA	linear		2022
XM_050452697	14559	5.9		Anthonomus grandis grandis	Eukaryota; Metazoa; Ecdysozoa; Arthropoda; Hexapoda; Insecta; Pterygota; Neoptera; Endopterygota; Coleoptera; Polyphaga; Cucujiformia; Curculionidae; Curculioninae; Anthonomini; Anthonomus	2022	1	20	11336	11355	20	24	100.00	83.00	YES	Barcode_8_reverse_end_BC08_AND_Barcode_8_forward_start_BC08_gc_r__TCTTGGAATGCAATACCGATGTGT_description_table	XM_050452697	PREDICTED: Anthonomus grandis grandis basement membrane-specific heparan sulfate proteoglycan core protein (LOC126745035), transcript variant X13, mRNA	Eukaryota; Metazoa; Ecdysozoa; Arthropoda; Hexapoda; Insecta; Pterygota; Neoptera; Endopterygota; Coleoptera; Polyphaga; Cucujiformia; Curculionidae; Curculioninae; Anthonomini; Anthonomus	14559		mRNA	linear		2022
XM_050452696	14589	5.9		Anthonomus grandis grandis	Eukaryota; Metazoa; Ecdysozoa; Arthropoda; Hexapoda; Insecta; Pterygota; Neoptera; Endopterygota; Coleoptera; Polyphaga; Cucujiformia; Curculionidae; Curculioninae; Anthonomini; Anthonomus	2022	1	20	11366	11385	20	24	100.00	83.00	YES	Barcode_8_reverse_end_BC08_AND_Barcode_8_forward_start_BC08_gc_r__TCTTGGAATGCAATACCGATGTGT_description_table	XM_050452696	PREDICTED: Anthonomus grandis grandis basement membrane-specific heparan sulfate proteoglycan core protein (LOC126745035), transcript variant X12, mRNA	Eukaryota; Metazoa; Ecdysozoa; Arthropoda; Hexapoda; Insecta; Pterygota; Neoptera; Endopterygota; Coleoptera; Polyphaga; Cucujiformia; Curculionidae; Curculioninae; Anthonomini; Anthonomus	14589		mRNA	linear		2022
XM_050452694	14604	5.9		Anthonomus grandis grandis	Eukaryota; Metazoa; Ecdysozoa; Arthropoda; Hexapoda; Insecta; Pterygota; Neoptera; Endopterygota; Coleoptera; Polyphaga; Cucujiformia; Curculionidae; Curculioninae; Anthonomini; Anthonomus	2022	1	20	11381	11400	20	24	100.00	83.00	YES	Barcode_8_reverse_end_BC08_AND_Barcode_8_forward_start_BC08_gc_r__TCTTGGAATGCAATACCGATGTGT_description_table	XM_050452694	PREDICTED: Anthonomus grandis grandis basement membrane-specific heparan sulfate proteoglycan core protein (LOC126745035), transcript variant X11, mRNA	Eukaryota; Metazoa; Ecdysozoa; Arthropoda; Hexapoda; Insecta; Pterygota; Neoptera; Endopterygota; Coleoptera; Polyphaga; Cucujiformia; Curculionidae; Curculioninae; Anthonomini; Anthonomus	14604		mRNA	linear		2022
XM_050452693	14622	5.9		Anthonomus grandis grandis	Eukaryota; Metazoa; Ecdysozoa; Arthropoda; Hexapoda; Insecta; Pterygota; Neoptera; Endopterygota; Coleoptera; Polyphaga; Cucujiformia; Curculionidae; Curculioninae; Anthonomini; Anthonomus	2022	1	20	11399	11418	20	24	100.00	83.00	YES	Barcode_8_reverse_end_BC08_AND_Barcode_8_forward_start_BC08_gc_r__TCTTGGAATGCAATACCGATGTGT_description_table	XM_050452693	PREDICTED: Anthonomus grandis grandis basement membrane-specific heparan sulfate proteoglycan core protein (LOC126745035), transcript variant X10, mRNA	Eukaryota; Metazoa; Ecdysozoa; Arthropoda; Hexapoda; Insecta; Pterygota; Neoptera; Endopterygota; Coleoptera; Polyphaga; Cucujiformia; Curculionidae; Curculioninae; Anthonomini; Anthonomus	14622		mRNA	linear		2022
XM_050452692	14625	5.9		Anthonomus grandis grandis	Eukaryota; Metazoa; Ecdysozoa; Arthropoda; Hexapoda; Insecta; Pterygota; Neoptera; Endopterygota; Coleoptera; Polyphaga; Cucujiformia; Curculionidae; Curculioninae; Anthonomini; Anthonomus	2022	1	20	11402	11421	20	24	100.00	83.00	YES	Barcode_8_reverse_end_BC08_AND_Barcode_8_forward_start_BC08_gc_r__TCTTGGAATGCAATACCGATGTGT_description_table	XM_050452692	PREDICTED: Anthonomus grandis grandis basement membrane-specific heparan sulfate proteoglycan core protein (LOC126745035), transcript variant X9, mRNA	Eukaryota; Metazoa; Ecdysozoa; Arthropoda; Hexapoda; Insecta; Pterygota; Neoptera; Endopterygota; Coleoptera; Polyphaga; Cucujiformia; Curculionidae; Curculioninae; Anthonomini; Anthonomus	14625		mRNA	linear		2022
XM_050452691	14628	5.9		Anthonomus grandis grandis	Eukaryota; Metazoa; Ecdysozoa; Arthropoda; Hexapoda; Insecta; Pterygota; Neoptera; Endopterygota; Coleoptera; Polyphaga; Cucujiformia; Curculionidae; Curculioninae; Anthonomini; Anthonomus	2022	1	20	11405	11424	20	24	100.00	83.00	YES	Barcode_8_reverse_end_BC08_AND_Barcode_8_forward_start_BC08_gc_r__TCTTGGAATGCAATACCGATGTGT_description_table	XM_050452691	PREDICTED: Anthonomus grandis grandis basement membrane-specific heparan sulfate proteoglycan core protein (LOC126745035), transcript variant X8, mRNA	Eukaryota; Metazoa; Ecdysozoa; Arthropoda; Hexapoda; Insecta; Pterygota; Neoptera; Endopterygota; Coleoptera; Polyphaga; Cucujiformia; Curculionidae; Curculioninae; Anthonomini; Anthonomus	14628		mRNA	linear		2022
XM_050452690	14661	5.9		Anthonomus grandis grandis	Eukaryota; Metazoa; Ecdysozoa; Arthropoda; Hexapoda; Insecta; Pterygota; Neoptera; Endopterygota; Coleoptera; Polyphaga; Cucujiformia; Curculionidae; Curculioninae; Anthonomini; Anthonomus	2022	1	20	11438	11457	20	24	100.00	83.00	YES	Barcode_8_reverse_end_BC08_AND_Barcode_8_forward_start_BC08_gc_r__TCTTGGAATGCAATACCGATGTGT_description_table	XM_050452690	PREDICTED: Anthonomus grandis grandis basement membrane-specific heparan sulfate proteoglycan core protein (LOC126745035), transcript variant X7, mRNA	Eukaryota; Metazoa; Ecdysozoa; Arthropoda; Hexapoda; Insecta; Pterygota; Neoptera; Endopterygota; Coleoptera; Polyphaga; Cucujiformia; Curculionidae; Curculioninae; Anthonomini; Anthonomus	14661		mRNA	linear		2022
XM_050452689	14736	5.9		Anthonomus grandis grandis	Eukaryota; Metazoa; Ecdysozoa; Arthropoda; Hexapoda; Insecta; Pterygota; Neoptera; Endopterygota; Coleoptera; Polyphaga; Cucujiformia; Curculionidae; Curculioninae; Anthonomini; Anthonomus	2022	1	20	11513	11532	20	24	100.00	83.00	YES	Barcode_8_reverse_end_BC08_AND_Barcode_8_forward_start_BC08_gc_r__TCTTGGAATGCAATACCGATGTGT_description_table	XM_050452689	PREDICTED: Anthonomus grandis grandis basement membrane-specific heparan sulfate proteoglycan core protein (LOC126745035), transcript variant X6, mRNA	Eukaryota; Metazoa; Ecdysozoa; Arthropoda; Hexapoda; Insecta; Pterygota; Neoptera; Endopterygota; Coleoptera; Polyphaga; Cucujiformia; Curculionidae; Curculioninae; Anthonomini; Anthonomus	14736		mRNA	linear		2022
XM_050452688	14739	5.9		Anthonomus grandis grandis	Eukaryota; Metazoa; Ecdysozoa; Arthropoda; Hexapoda; Insecta; Pterygota; Neoptera; Endopterygota; Coleoptera; Polyphaga; Cucujiformia; Curculionidae; Curculioninae; Anthonomini; Anthonomus	2022	1	20	11516	11535	20	24	100.00	83.00	YES	Barcode_8_reverse_end_BC08_AND_Barcode_8_forward_start_BC08_gc_r__TCTTGGAATGCAATACCGATGTGT_description_table	XM_050452688	PREDICTED: Anthonomus grandis grandis basement membrane-specific heparan sulfate proteoglycan core protein (LOC126745035), transcript variant X5, mRNA	Eukaryota; Metazoa; Ecdysozoa; Arthropoda; Hexapoda; Insecta; Pterygota; Neoptera; Endopterygota; Coleoptera; Polyphaga; Cucujiformia; Curculionidae; Curculioninae; Anthonomini; Anthonomus	14739		mRNA	linear		2022
XM_050452687	14754	5.9		Anthonomus grandis grandis	Eukaryota; Metazoa; Ecdysozoa; Arthropoda; Hexapoda; Insecta; Pterygota; Neoptera; Endopterygota; Coleoptera; Polyphaga; Cucujiformia; Curculionidae; Curculioninae; Anthonomini; Anthonomus	2022	1	20	11531	11550	20	24	100.00	83.00	YES	Barcode_8_reverse_end_BC08_AND_Barcode_8_forward_start_BC08_gc_r__TCTTGGAATGCAATACCGATGTGT_description_table	XM_050452687	PREDICTED: Anthonomus grandis grandis basement membrane-specific heparan sulfate proteoglycan core protein (LOC126745035), transcript variant X4, mRNA	Eukaryota; Metazoa; Ecdysozoa; Arthropoda; Hexapoda; Insecta; Pterygota; Neoptera; Endopterygota; Coleoptera; Polyphaga; Cucujiformia; Curculionidae; Curculioninae; Anthonomini; Anthonomus	14754		mRNA	linear		2022
XM_050452686	14821	5.9		Anthonomus grandis grandis	Eukaryota; Metazoa; Ecdysozoa; Arthropoda; Hexapoda; Insecta; Pterygota; Neoptera; Endopterygota; Coleoptera; Polyphaga; Cucujiformia; Curculionidae; Curculioninae; Anthonomini; Anthonomus	2022	1	20	11549	11568	20	24	100.00	83.00	YES	Barcode_8_reverse_end_BC08_AND_Barcode_8_forward_start_BC08_gc_r__TCTTGGAATGCAATACCGATGTGT_description_table	XM_050452686	PREDICTED: Anthonomus grandis grandis basement membrane-specific heparan sulfate proteoglycan core protein (LOC126745035), transcript variant X3, mRNA	Eukaryota; Metazoa; Ecdysozoa; Arthropoda; Hexapoda; Insecta; Pterygota; Neoptera; Endopterygota; Coleoptera; Polyphaga; Cucujiformia; Curculionidae; Curculioninae; Anthonomini; Anthonomus	14821		mRNA	linear		2022
XM_050452685	14760	5.9		Anthonomus grandis grandis	Eukaryota; Metazoa; Ecdysozoa; Arthropoda; Hexapoda; Insecta; Pterygota; Neoptera; Endopterygota; Coleoptera; Polyphaga; Cucujiformia; Curculionidae; Curculioninae; Anthonomini; Anthonomus	2022	1	20	11537	11556	20	24	100.00	83.00	YES	Barcode_8_reverse_end_BC08_AND_Barcode_8_forward_start_BC08_gc_r__TCTTGGAATGCAATACCGATGTGT_description_table	XM_050452685	PREDICTED: Anthonomus grandis grandis basement membrane-specific heparan sulfate proteoglycan core protein (LOC126745035), transcript variant X2, mRNA	Eukaryota; Metazoa; Ecdysozoa; Arthropoda; Hexapoda; Insecta; Pterygota; Neoptera; Endopterygota; Coleoptera; Polyphaga; Cucujiformia; Curculionidae; Curculioninae; Anthonomini; Anthonomus	14760		mRNA	linear		2022
XM_050452683	14772	5.9		Anthonomus grandis grandis	Eukaryota; Metazoa; Ecdysozoa; Arthropoda; Hexapoda; Insecta; Pterygota; Neoptera; Endopterygota; Coleoptera; Polyphaga; Cucujiformia; Curculionidae; Curculioninae; Anthonomini; Anthonomus	2022	1	20	11549	11568	20	24	100.00	83.00	YES	Barcode_8_reverse_end_BC08_AND_Barcode_8_forward_start_BC08_gc_r__TCTTGGAATGCAATACCGATGTGT_description_table	XM_050452683	PREDICTED: Anthonomus grandis grandis basement membrane-specific heparan sulfate proteoglycan core protein (LOC126745035), transcript variant X1, mRNA	Eukaryota; Metazoa; Ecdysozoa; Arthropoda; Hexapoda; Insecta; Pterygota; Neoptera; Endopterygota; Coleoptera; Polyphaga; Cucujiformia; Curculionidae; Curculioninae; Anthonomini; Anthonomus	14772		mRNA	linear		2022
CP020033	3294202	5.9		Corynebacterium glutamicum	Bacteria; Bacillati; Actinomycetota; Actinomycetes; Mycobacteriales; Corynebacteriaceae; Corynebacterium	2021	3	22	2222027	2222008	20	24	100.00	83.00	YES	Barcode_8_reverse_end_BC08_AND_Barcode_8_forward_start_BC08_gc_r__TCTTGGAATGCAATACCGATGTGT_description_table	CP020033	Corynebacterium glutamicum strain TCCC11822 chromosome, complete genome	Bacteria; Bacillati; Actinomycetota; Actinomycetes; Mycobacteriales; Corynebacteriaceae; Corynebacterium	3294202		DNA	circular	Annotation was added by the NCBI Prokaryotic Genome Annotation Pipeline (released 2013). Information about the Pipeline can be found here: https://www.ncbi.nlm.nih.gov/genome/annotation_prok/; ##Genome-Assembly-Data-START## ; Assembly Date :: 13-DEC-2013 ; Assembly Method :: Celera Assembler v. 8.0 ; Genome Representation :: Full ; Expected Final Version :: Yes ; Genome Coverage :: 200.0x ; Sequencing Technology :: PacBio ; ##Genome-Assembly-Data-END##; ##Genome-Annotation-Data-START## ; Annotation Provider :: NCBI ; Annotation Date :: 03/08/2017 16:02:50 ; Annotation Pipeline :: NCBI Prokaryotic Genome Annotation Pipeline ; Annotation Method :: Best-placed reference protein set; GeneMarkS+ ; Annotation Software revision :: 4.1 ; Features Annotated :: Gene; CDS; rRNA; tRNA; ncRNA; repeat_region ; Genes (total) :: 3,109 ; CDS (total) :: 3,031 ; Genes (coding) :: 2,883 ; CDS (coding) :: 2,883 ; Genes (RNA) :: 78 ; rRNAs :: 5, 5, 5 (5S, 16S, 23S) ; complete rRNAs :: 5, 5, 5 (5S, 16S, 23S) ; tRNAs :: 60 ; ncRNAs :: 3 ; Pseudo Genes (total) :: 148 ; Pseudo Genes (ambiguous residues) :: 0 of 148 ; Pseudo Genes (frameshifted) :: 79 of 148 ; Pseudo Genes (incomplete) :: 54 of 148 ; Pseudo Genes (internal stop) :: 45 of 148 ; Pseudo Genes (multiple problems) :: 27 of 148 ; ##Genome-Annotation-Data-END##	2021
